版本代碼,版本名稱,級距,人數下限,人數上限,月繳,季繳,年繳,季繳等效月費,年繳等效月費,季費節省率,年費節省率,版本定位,典型客戶
LITE,NEXORA 基礎版,S,1,5,2500,7000,25000,2333,2083,7%,17%,單據點基礎進銷存財務物流,小型單店汽車零件經銷商
LITE,NEXORA 基礎版,M,6,10,4500,12600,45000,4200,3750,7%,17%,單據點基礎進銷存財務物流,小型單店汽車零件經銷商
PLUS,NEXORA 進階版,S,5,10,8000,22400,80000,7467,6667,7%,17%,多據點管理含調撥/採購審核/國外採購，開放基本部門架構（2層）,2~4 倉多據點成長型經銷商
PLUS,NEXORA 進階版,M,11,20,13000,36400,130000,12133,10833,7%,17%,多據點管理含調撥/採購審核/國外採購，開放基本部門架構（2層）,2~4 倉多據點成長型經銷商
PLUS,NEXORA 進階版,L,21,30,18000,50400,180000,16800,15000,7%,17%,多據點管理含調撥/採購審核/國外採購，開放基本部門架構（2層）,2~4 倉多據點成長型經銷商
PRO,NEXORA 專業版,S,10,20,25000,70000,250000,23333,20833,7%,17%,全功能含人資/薪資/分析報表/KM/遊戲化，無限部門層級+KPI考核,有完整組織架構的中型汽車零件企業
PRO,NEXORA 專業版,M,21,40,38000,106400,380000,35467,31667,7%,17%,全功能含人資/薪資/分析報表/KM/遊戲化，無限部門層級+KPI考核,有完整組織架構的中型汽車零件企業
PRO,NEXORA 專業版,L,41,70,55000,154000,550000,51333,45833,7%,17%,全功能含人資/薪資/分析報表/KM/遊戲化，無限部門層級+KPI考核,有完整組織架構的中型汽車零件企業
PRO,NEXORA 專業版,XL,71,100,70000,196000,700000,65333,58333,7%,17%,全功能含人資/薪資/分析報表/KM/遊戲化，無限部門層級+KPI考核,有完整組織架構的中型汽車零件企業
