id,plan_code,name,tier,min_seats,max_seats,monthly_fee,quarterly_fee,annual_fee,quarter_discount_pct,annual_discount_pct,is_active,created_at,created_by,updated_at,updated_by
NX99PLAN0000001,LITE,NEXORA 基礎版,S,1,5,2500,7000,25000,7,17,TRUE,NOW(),NX01USER0000001,NOW(),NX01USER0000001
NX99PLAN0000002,LITE,NEXORA 基礎版,M,6,10,4500,12600,45000,7,17,TRUE,NOW(),NX01USER0000001,NOW(),NX01USER0000001
NX99PLAN0000003,PLUS,NEXORA 進階版,S,5,10,8000,22400,80000,7,17,TRUE,NOW(),NX01USER0000001,NOW(),NX01USER0000001
NX99PLAN0000004,PLUS,NEXORA 進階版,M,11,20,13000,36400,130000,7,17,TRUE,NOW(),NX01USER0000001,NOW(),NX01USER0000001
NX99PLAN0000005,PLUS,NEXORA 進階版,L,21,30,18000,50400,180000,7,17,TRUE,NOW(),NX01USER0000001,NOW(),NX01USER0000001
NX99PLAN0000006,PRO,NEXORA 專業版,S,10,20,25000,70000,250000,7,17,TRUE,NOW(),NX01USER0000001,NOW(),NX01USER0000001
NX99PLAN0000007,PRO,NEXORA 專業版,M,21,40,38000,106400,380000,7,17,TRUE,NOW(),NX01USER0000001,NOW(),NX01USER0000001
NX99PLAN0000008,PRO,NEXORA 專業版,L,41,70,55000,154000,550000,7,17,TRUE,NOW(),NX01USER0000001,NOW(),NX01USER0000001
NX99PLAN0000009,PRO,NEXORA 專業版,XL,71,100,70000,196000,700000,7,17,TRUE,NOW(),NX01USER0000001,NOW(),NX01USER0000001
